{
  "items": [
    {
      "name": "mail.naver.com",
      "url": "https://mail.naver.com/v2/folders/0/all",
      "addedAt": "2026-02-17T15:02:01.799Z",
      "category": "Naver",
      "deletedAt": "2026-02-17T15:02:09.412Z"
    },
    {
      "name": "mail.naver.com",
      "url": "https://mail.naver.com/",
      "addedAt": "2026-02-17T15:02:11.040Z",
      "category": "Naver",
      "deletedAt": "2026-02-17T15:03:39.807Z"
    },
    {
      "name": "mail.naver.com",
      "url": "https://mail.naver.com/",
      "addedAt": "2026-02-17T15:03:37.875Z",
      "category": "Naver",
      "deletedAt": "2026-02-17T15:04:16.016Z"
    },
    {
      "name": "memo.naver.com",
      "url": "https://memo.naver.com/",
      "addedAt": "2026-02-17T15:08:40.381Z",
      "category": "Naver",
      "deletedAt": "2026-02-17T15:08:54.654Z"
    },
    {
      "name": "네이버 MY BOX",
      "url": "https://mybox.naver.com/",
      "category": "Naver",
      "deletedAt": "2026-02-17T15:11:03.655Z"
    },
    {
      "name": "네이버 카페",
      "url": "https://section.cafe.naver.com/",
      "category": "Naver",
      "deletedAt": "2026-02-17T15:11:21.383Z"
    },
    {
      "name": "네이버 메일",
      "url": "http://mail.naver.com/",
      "category": "Naver",
      "deletedAt": "2026-02-17T15:11:53.971Z"
    },
    {
      "name": "FreePik_템플릿",
      "url": "https://kr.freepik.com/search?ai=excluded&format=search&last_filter=orientation&last_value=portrait&orientation=portrait&premium=1&query=%ED%99%94%EC%9E%A5%ED%92%88&type=psd",
      "category": "22222",
      "deletedAt": "2026-02-17T15:27:18.278Z"
    },
    {
      "name": "ad1day.com",
      "url": "https://www.ad1day.com/challenges",
      "addedAt": "2026-02-17T22:11:08.742Z",
      "category": "55555",
      "deletedAt": "2026-02-17T22:11:18.214Z"
    },
    {
      "name": "네이버 데이터랩",
      "url": "https://datalab.naver.com/",
      "addedAt": "2026-02-17T22:19:37.385Z",
      "category": "소셜",
      "deletedAt": "2026-02-17T22:32:35.011Z"
    },
    {
      "name": "Google Maps",
      "url": "https://maps.google.com/",
      "category": "11111",
      "deletedAt": "2026-02-17T22:45:22.969Z"
    },
    {
      "name": "localhost",
      "url": "http://localhost:1111/",
      "addedAt": "2026-02-17T23:15:11.294Z",
      "category": "Google",
      "deletedAt": "2026-02-17T23:17:03.890Z"
    },
    {
      "name": "Notion",
      "url": "https://www.notion.so/",
      "category": "MAP",
      "deletedAt": "2026-02-17T23:29:26.870Z"
    },
    {
      "name": "AI 허브",
      "url": "https://aihub.or.kr",
      "addedAt": "2026-02-17T23:39:59.354Z",
      "category": "데이터셋(Dataset)",
      "deletedAt": "2026-02-17T23:41:06.731Z"
    },
    {
      "name": "서울 열린데이터광장",
      "url": "https://data.seoul.go.kr",
      "category": "데이터셋(Dataset)",
      "deletedAt": "2026-02-17T23:41:07.805Z"
    },
    {
      "name": "공공데이터포털",
      "url": "https://www.data.go.kr",
      "category": "데이터셋(Dataset)",
      "deletedAt": "2026-02-17T23:41:08.682Z"
    },
    {
      "name": "kaggle.com",
      "url": "https://www.kaggle.com/datasets",
      "addedAt": "2026-02-17T23:41:12.326Z",
      "category": "데이터셋(Dataset)",
      "deletedAt": "2026-02-17T23:41:32.774Z"
    },
    {
      "name": "%2A%2Ahttps",
      "url": "https://**https://datasetsearch.research.google.com",
      "addedAt": "2026-02-17T23:41:15.863Z",
      "category": "데이터셋(Dataset)",
      "deletedAt": "2026-02-17T23:41:33.378Z"
    },
    {
      "name": "huggingface.co",
      "url": "https://huggingface.co/datasets",
      "addedAt": "2026-02-17T23:41:22.167Z",
      "category": "데이터셋(Dataset)",
      "deletedAt": "2026-02-17T23:41:33.941Z"
    },
    {
      "name": "data.go.kr",
      "url": "https://www.data.go.kr",
      "addedAt": "2026-02-17T23:41:25.735Z",
      "category": "데이터셋(Dataset)",
      "deletedAt": "2026-02-17T23:41:34.483Z"
    },
    {
      "name": "archive.ics.uci.edu",
      "url": "https://archive.ics.uci.edu",
      "addedAt": "2026-02-17T23:41:29.000Z",
      "category": "데이터셋(Dataset)",
      "deletedAt": "2026-02-17T23:41:35.367Z"
    },
    {
      "name": "n8n",
      "url": "https://n8n.io/workflows/",
      "category": "Portfolio, Source, Reference",
      "deletedAt": "2026-02-18T22:35:15.566Z"
    },
    {
      "name": "n8n.cloud",
      "url": "https://app.n8n.cloud/dashboard",
      "category": "Dev, Automation",
      "deletedAt": "2026-02-18T23:32:35.636Z"
    },
    {
      "name": "n8n.cloud",
      "url": "https://app.n8n.cloud/dashboard",
      "category": "Dev, Automation",
      "deletedAt": "2026-02-18T23:33:27.507Z"
    },
    {
      "name": "n8n",
      "url": "https://n8n.io/",
      "category": "Dev, Automation",
      "deletedAt": "2026-02-18T23:33:28.972Z"
    },
    {
      "name": "n8n",
      "url": "https://n8n.io/",
      "category": "Dev, Automation",
      "deletedAt": "2026-02-18T23:33:30.976Z"
    },
    {
      "name": "GitHub",
      "url": "https://github.com/",
      "category": "Google",
      "deletedAt": "2026-02-18T23:42:16.129Z"
    },
    {
      "name": "RailWay",
      "url": "https://railway.com/",
      "category": "Google",
      "deletedAt": "2026-02-18T23:42:17.974Z"
    },
    {
      "name": "github.com",
      "url": "https://github.com/",
      "addedAt": "2026-02-18T23:34:03.094Z",
      "category": "Dev, Automation",
      "deletedAt": "2026-02-18T23:45:59.198Z"
    },
    {
      "name": "hub.docker.com",
      "url": "https://hub.docker.com/",
      "addedAt": "2026-02-18T23:20:09.282Z",
      "category": "LLM",
      "deletedAt": "2026-02-18T23:46:20.238Z"
    },
    {
      "name": "railway.com",
      "url": "https://railway.com/dashboard",
      "addedAt": "2026-02-18T23:47:37.645Z",
      "category": "Dev, Automation",
      "deletedAt": "2026-02-18T23:47:43.389Z"
    },
    {
      "name": "keep.google.com",
      "url": "https://keep.google.com/u/0/",
      "addedAt": "2026-02-19T12:29:51.202Z",
      "category": "Google",
      "deletedAt": "2026-02-19T12:42:23.342Z"
    },
    {
      "name": "litt.ly",
      "url": "https://litt.ly/start_now",
      "addedAt": "2026-02-22T21:52:37.550Z",
      "category": "AI - 01",
      "deletedAt": "2026-02-22T21:52:39.680Z"
    },
    {
      "name": "netflix.com",
      "url": "http://www.netflix.com/",
      "addedAt": "2026-02-22T21:52:55.128Z",
      "category": "Lecture, OTT-",
      "deletedAt": "2026-02-22T21:52:57.225Z"
    }
  ]
}