{
  "https://chatgpt.com/": {
    "count": 4,
    "lastUsed": "2026-02-24T17:25:14.743Z"
  },
  "https://claude.ai/": {
    "count": 6,
    "lastUsed": "2026-02-22T16:48:49.353Z"
  },
  "https://www.google.com/": {
    "count": 4,
    "lastUsed": "2026-02-24T18:33:26.037Z",
    "hourly": {
      "3": 1
    },
    "history": [
      "2026-02-24T18:33:26.037Z"
    ]
  },
  "https://mail.naver.com/v2/folders/0/all": {
    "count": 3,
    "lastUsed": "2026-02-17T15:03:42.239Z"
  },
  "https://section.cafe.naver.com/ca-fe/home": {
    "count": 5,
    "lastUsed": "2026-02-18T23:44:07.863Z"
  },
  "https://mybox.naver.com/main/web/my": {
    "count": 3,
    "lastUsed": "2026-02-18T23:44:05.213Z"
  },
  "https://memo.naver.com/": {
    "count": 2,
    "lastUsed": "2026-02-22T16:17:11.540Z"
  },
  "https://www.reddit.com/": {
    "count": 1,
    "lastUsed": "2026-02-17T15:19:43.448Z"
  },
  "https://www.midjourney.com/imagine": {
    "count": 1,
    "lastUsed": "2026-02-17T15:20:00.653Z"
  },
  "https://kr.freepik.com/": {
    "count": 1,
    "lastUsed": "2026-02-17T15:27:19.726Z"
  },
  "https://ai.dbpia.co.kr/ko/idea": {
    "count": 2,
    "lastUsed": "2026-02-17T17:19:53.988Z"
  },
  "https://comfyworkflows.com/": {
    "count": 3,
    "lastUsed": "2026-02-17T23:10:28.800Z"
  },
  "https://aifactory.space/": {
    "count": 1,
    "lastUsed": "2026-02-17T22:09:55.104Z"
  },
  "https://www.ad1day.com/my/works": {
    "count": 3,
    "lastUsed": "2026-02-17T22:11:10.322Z"
  },
  "https://www2.taling.me/": {
    "count": 2,
    "lastUsed": "2026-02-17T22:49:59.908Z"
  },
  "https://oksuro.com/ko/blog/the-16-best-websites-every-designer-should-know-for-inspiration/": {
    "count": 1,
    "lastUsed": "2026-02-17T22:18:11.707Z"
  },
  "https://snapillo.com/metadata-viewer/": {
    "count": 1,
    "lastUsed": "2026-02-17T22:20:12.165Z"
  },
  "https://agent-korea.base44.app/login?from_url=https%3A%2F%2Fagent-korea.base44.app%2F": {
    "count": 1,
    "lastUsed": "2026-02-17T22:21:54.428Z"
  },
  "https://sodam.usw-18.palantirfoundry.com/multipass/login/all": {
    "count": 3,
    "lastUsed": "2026-02-18T23:44:13.183Z"
  },
  "https://notebooklm.google.com/": {
    "count": 1,
    "lastUsed": "2026-02-17T22:28:19.539Z"
  },
  "https://github.com/": {
    "count": 5,
    "lastUsed": "2026-02-22T17:24:39.333Z"
  },
  "https://grok.com/": {
    "count": 1,
    "lastUsed": "2026-02-17T22:51:38.903Z"
  },
  "https://chat.z.ai/": {
    "count": 1,
    "lastUsed": "2026-02-17T22:53:04.836Z"
  },
  "https://slashpage.com/ai-workers": {
    "count": 1,
    "lastUsed": "2026-02-17T23:00:31.342Z"
  },
  "https://www.gpters.org/": {
    "count": 3,
    "lastUsed": "2026-02-18T18:17:26.865Z"
  },
  "https://mixkit.co/free-sound-effects/discover/bounce/": {
    "count": 2,
    "lastUsed": "2026-02-17T23:20:33.995Z"
  },
  "https://replicate.com/explore": {
    "count": 1,
    "lastUsed": "2026-02-17T23:09:34.432Z"
  },
  "https://openart.ai/workflows/all": {
    "count": 2,
    "lastUsed": "2026-02-17T23:11:03.114Z"
  },
  "https://vido.gallery/media-art": {
    "count": 3,
    "lastUsed": "2026-02-24T18:47:38.083Z",
    "hourly": {
      "3": 1
    },
    "history": [
      "2026-02-24T18:47:38.083Z"
    ]
  },
  "https://elements.envato.com/": {
    "count": 1,
    "lastUsed": "2026-02-17T23:20:01.198Z"
  },
  "https://exchange.adobe.com/apps/browse/cc?page=1&price=Free&product=PHSP&sort=MOST_POPULAR&tag=Tools+%26+Automation": {
    "count": 1,
    "lastUsed": "2026-02-17T23:20:13.688Z"
  },
  "https://vimeo.com/home": {
    "count": 1,
    "lastUsed": "2026-02-17T23:20:41.435Z"
  },
  "https://www.aitimes.com/": {
    "count": 3,
    "lastUsed": "2026-02-24T17:28:54.772Z"
  },
  "https://data.world": {
    "count": 6,
    "lastUsed": "2026-02-17T23:51:49.606Z"
  },
  "https://www.statista.com": {
    "count": 1,
    "lastUsed": "2026-02-17T23:52:55.289Z"
  },
  "https://data.nasa.gov": {
    "count": 1,
    "lastUsed": "2026-02-17T23:54:52.855Z"
  },
  "https://datacommons.org": {
    "count": 1,
    "lastUsed": "2026-02-17T23:55:30.041Z"
  },
  "https://dataverse.harvard.edu": {
    "count": 1,
    "lastUsed": "2026-02-17T23:58:54.896Z"
  },
  "https://www.data.go.kr": {
    "count": 2,
    "lastUsed": "2026-02-18T15:06:18.967Z"
  },
  "https://trends.google.co.kr/trending?geo=KR": {
    "count": 1,
    "lastUsed": "2026-02-18T00:30:46.643Z"
  },
  "http://www.netflix.com/": {
    "count": 1,
    "lastUsed": "2026-02-18T00:46:38.274Z"
  },
  "https://www.naver.com/": {
    "count": 1,
    "lastUsed": "2026-02-18T13:00:07.038Z"
  },
  "https://aihub.or.kr": {
    "count": 1,
    "lastUsed": "2026-02-18T15:07:10.804Z"
  },
  "https://data.seoul.go.kr": {
    "count": 1,
    "lastUsed": "2026-02-18T15:07:40.281Z"
  },
  "https://www.kaggle.com/datasets": {
    "count": 2,
    "lastUsed": "2026-02-18T16:01:01.873Z"
  },
  "https://datasetsearch.research.google.com": {
    "count": 1,
    "lastUsed": "2026-02-18T15:59:04.525Z"
  },
  "https://n8n.io/": {
    "count": 8,
    "lastUsed": "2026-02-18T23:33:06.158Z"
  },
  "https://app.n8n.cloud/dashboard": {
    "count": 12,
    "lastUsed": "2026-02-18T23:33:17.155Z"
  },
  "https://www.make.com/": {
    "count": 4,
    "lastUsed": "2026-02-24T17:25:21.193Z"
  },
  "https://github.com/sodam-AI?tab=repositories": {
    "count": 9,
    "lastUsed": "2026-02-22T18:03:15.635Z"
  },
  "https://vercel.com/login": {
    "count": 1,
    "lastUsed": "2026-02-18T23:47:17.932Z"
  },
  "https://keep.google.com/u/0/": {
    "count": 3,
    "lastUsed": "2026-02-22T16:16:28.975Z"
  },
  "https://litt.ly/start_now": {
    "count": 4,
    "lastUsed": "2026-02-22T21:52:27.641Z"
  },
  "https://map.kakao.com/": {
    "count": 1,
    "lastUsed": "2026-02-22T16:18:39.572Z"
  },
  "https://mail.google.com/": {
    "count": 3,
    "lastUsed": "2026-02-24T18:33:22.724Z",
    "hourly": {
      "3": 2
    },
    "history": [
      "2026-02-24T18:33:02.798Z",
      "2026-02-24T18:33:22.724Z"
    ]
  },
  "https://translate.google.com/?sl=auto&tl=ko&op=translate": {
    "count": 1,
    "lastUsed": "2026-02-24T18:46:33.954Z",
    "hourly": {
      "3": 1
    },
    "history": [
      "2026-02-24T18:46:33.954Z"
    ]
  },
  "https://clovanote.naver.com/w/GLigaepbBQVZFGpnYGKw/home": {
    "count": 1,
    "lastUsed": "2026-02-24T18:47:47.635Z",
    "hourly": {
      "3": 1
    },
    "history": [
      "2026-02-24T18:47:47.635Z"
    ]
  },
  "https://clovanote.naver.com/": {
    "count": 1,
    "lastUsed": "2026-02-24T18:47:58.280Z",
    "hourly": {
      "3": 1
    },
    "history": [
      "2026-02-24T18:47:58.280Z"
    ]
  }
}