{
  "_backup_version": "7.2",
  "_backup_date": "2026-02-22T22:03:23.122Z",
  "bookmarks": {
    "Google": [
      {
        "name": "Google",
        "url": "https://www.google.com/"
      },
      {
        "name": "지메일",
        "url": "https://mail.google.com/"
      },
      {
        "name": "드라이브",
        "url": "https://drive.google.com/"
      },
      {
        "name": "번역기",
        "url": "https://translate.google.com/?sl=auto&tl=ko&op=translate"
      },
      {
        "name": "구글 메모",
        "url": "https://keep.google.com/u/0/"
      },
      {
        "name": "트렌드",
        "url": "https://trends.google.co.kr/trending?geo=KR"
      }
    ],
    "LLM": [
      {
        "name": "ChatGPT",
        "url": "https://chatgpt.com/"
      },
      {
        "name": "Claude",
        "url": "https://claude.ai/"
      },
      {
        "name": "Gemini",
        "url": "https://gemini.google.com/app"
      },
      {
        "name": "Grok",
        "url": "https://grok.com/"
      },
      {
        "name": "Qwen",
        "url": "https://chat.qwen.ai/"
      },
      {
        "name": "z.ai",
        "url": "https://chat.z.ai/"
      },
      {
        "name": "Deepseek",
        "url": "https://chat.deepseek.com"
      }
    ],
    "AI - 01": [
      {
        "name": "Google Flow",
        "url": "https://labs.google/fx/ko/tools/flow",
        "addedAt": "2026-02-17T15:21:36.817Z"
      },
      {
        "name": "Google Labs",
        "url": "https://labs.google/experiments"
      },
      {
        "name": "Midjourney",
        "url": "https://www.midjourney.com/imagine"
      },
      {
        "name": "Kling AI",
        "url": "https://app.klingai.com/global/",
        "addedAt": "2026-02-17T15:22:11.539Z"
      },
      {
        "name": "Nordy",
        "url": "https://nordy.ai/",
        "addedAt": "2026-02-17T22:08:48.339Z"
      },
      {
        "name": "FreePik",
        "url": "https://kr.freepik.com/"
      }
    ],
    "AI - 2": [
      {
        "name": "NotebookLM",
        "url": "https://notebooklm.google.com/"
      },
      {
        "name": "Manus",
        "url": "https://manus.im/"
      },
      {
        "name": "Genspark",
        "url": "https://www.genspark.ai/",
        "addedAt": "2026-02-17T23:12:36.282Z"
      },
      {
        "name": "DBPia",
        "url": "https://ai.dbpia.co.kr/ko/idea"
      },
      {
        "name": "메타데이터 확인/삭제 사이트",
        "url": "https://snapillo.com/metadata-viewer/",
        "addedAt": "2026-02-17T22:19:55.141Z"
      }
    ],
    "social": [
      {
        "name": "Instagram",
        "url": "https://www.instagram.com/"
      },
      {
        "name": "Threads",
        "url": "https://www.threads.net/?hl=ko",
        "addedAt": "2026-02-17T15:28:27.735Z"
      },
      {
        "name": "X (Twitter)",
        "url": "https://x.com/"
      },
      {
        "name": "Reddit",
        "url": "https://www.reddit.com/"
      },
      {
        "name": "TikTok",
        "url": "https://www.tiktok.com/explore"
      },
      {
        "name": "YouTube",
        "url": "https://www.youtube.com/"
      },
      {
        "name": "페북 - 스테이블 코리아",
        "url": "https://www.facebook.com/groups/stablediffusionkorea/members",
        "addedAt": "2026-02-17T15:20:40.006Z"
      }
    ],
    "AI - 3": [
      {
        "name": "ComfyUI Wiki 사이트",
        "url": "https://comfyui-wiki.com/ko",
        "addedAt": "2026-02-17T15:18:28.482Z"
      },
      {
        "name": "ComfyUI Cloude",
        "url": "https://www.comfy.org/cloud",
        "addedAt": "2026-02-17T15:17:40.749Z"
      },
      {
        "name": "ComfyUI Blog",
        "url": "https://docs.comfy.org/get_started/introduction"
      },
      {
        "name": "Civitai",
        "url": "https://civitai.com/",
        "addedAt": "2026-02-17T15:33:03.397Z"
      },
      {
        "name": "Replicate",
        "url": "https://replicate.com/explore"
      },
      {
        "name": "RunComfy",
        "url": "https://www.runcomfy.com/",
        "addedAt": "2026-02-17T22:09:42.085Z"
      },
      {
        "name": "OpenArt.ai",
        "url": "https://openart.ai/workflows/all"
      },
      {
        "name": "ComfyWorkflows",
        "url": "https://comfyworkflows.com/"
      },
      {
        "name": "OpenModelDB",
        "url": "https://openmodeldb.info/",
        "addedAt": "2026-02-17T15:33:56.108Z"
      },
      {
        "name": "Civitai 아카이브",
        "url": "https://civitaiarchive.com/",
        "addedAt": "2026-02-17T15:33:43.250Z"
      }
    ],
    "Dev, Automation": [
      {
        "name": "GitHub",
        "url": "https://github.com/"
      },
      {
        "name": "github.com",
        "url": "https://github.com/sodam-AI?tab=repositories",
        "addedAt": "2026-02-22T13:48:52.249Z"
      },
      {
        "name": "Docker.Hub",
        "url": "https://hub.docker.com/"
      },
      {
        "name": "Vercel",
        "url": "https://vercel.com/login"
      },
      {
        "name": "Netlify",
        "url": "https://app.netlify.com/"
      },
      {
        "name": "RailWay",
        "url": "https://railway.com/"
      },
      {
        "name": "Make",
        "url": "https://www.make.com/"
      },
      {
        "name": "n8n.io",
        "url": "https://n8n.io/",
        "addedAt": "2026-02-18T23:34:25.719Z"
      },
      {
        "name": "n8n.io",
        "url": "https://n8n.io/workflows/",
        "addedAt": "2026-02-18T23:34:35.192Z"
      },
      {
        "name": "app.n8n.cloud",
        "url": "https://app.n8n.cloud/dashboard",
        "addedAt": "2026-02-18T23:36:02.403Z"
      }
    ],
    "Naver, Map": [
      {
        "name": "네이버",
        "url": "https://www.naver.com/"
      },
      {
        "name": "네이버 메일",
        "url": "https://mail.naver.com/v2/folders/0/all"
      },
      {
        "name": "네이버 카페",
        "url": "https://section.cafe.naver.com/ca-fe/home",
        "addedAt": "2026-02-17T15:11:19.332Z"
      },
      {
        "name": "네이버 BOX",
        "url": "https://mybox.naver.com/main/web/my"
      },
      {
        "name": "네이버 메모",
        "url": "https://memo.naver.com/"
      },
      {
        "name": "네이버 쇼핑",
        "url": "https://shopping.naver.com/ns/home",
        "addedAt": "2026-02-17T15:12:43.281Z"
      },
      {
        "name": "네이버 예약",
        "url": "https://m.place.naver.com/my/timeline?tab=ALL",
        "addedAt": "2026-02-17T15:13:16.974Z"
      },
      {
        "name": "클로바 노트",
        "url": "https://clovanote.naver.com/w/GLigaepbBQVZFGpnYGKw/home",
        "addedAt": "2026-02-17T15:14:06.600Z"
      },
      {
        "name": "카카오맵",
        "url": "https://map.kakao.com/",
        "addedAt": "2026-02-17T15:16:55.788Z"
      },
      {
        "name": "네이버 지도",
        "url": "https://map.naver.com/p?c=15.00,0,0,0,dh",
        "addedAt": "2026-02-17T15:17:11.816Z"
      },
      {
        "name": "세계 각국의 지도를 다운 받을 수 있는 사이트",
        "url": "https://your-vector-maps.com/downloads/category/world/",
        "addedAt": "2026-02-17T22:20:52.147Z"
      }
    ],
    "Portfolio, Source, Reference": [
      {
        "name": "Adobe 포트폴리오 수정",
        "url": "https://portfolio.adobe.com/4cb95bdc-3bdd-47ab-96e2-9bdf300be83d/editor/",
        "addedAt": "2026-02-17T15:32:19.554Z"
      },
      {
        "name": "VIDO",
        "url": "https://vido.gallery/media-art",
        "addedAt": "2026-02-17T15:27:48.340Z"
      },
      {
        "name": "Envato",
        "url": "https://elements.envato.com/",
        "addedAt": "2026-02-17T15:26:56.075Z"
      },
      {
        "name": "Bounce Sound Effects | Mixkit",
        "url": "https://mixkit.co/free-sound-effects/discover/bounce/",
        "addedAt": "2026-02-17T15:27:37.599Z"
      },
      {
        "name": "Vimeo",
        "url": "https://vimeo.com/home",
        "addedAt": "2026-02-17T15:28:05.291Z"
      },
      {
        "name": "어도비 플러그인 사이트",
        "url": "https://exchange.adobe.com/apps/browse/cc?page=1&price=Free&product=PHSP&sort=MOST_POPULAR&tag=Tools+%26+Automation"
      },
      {
        "name": "언리얼 Marketplace",
        "url": "https://www.unrealengine.com/marketplace/ko/store"
      },
      {
        "name": "디자이너가 알아야 할 최고의 웹사이트 20선 - Oksuro",
        "url": "https://oksuro.com/ko/blog/the-16-best-websites-every-designer-should-know-for-inspiration/"
      },
      {
        "name": "팔란티어",
        "url": "https://sodam.usw-18.palantirfoundry.com/multipass/login/all"
      },
      {
        "name": "litt.ly (리틀리)",
        "url": "https://litt.ly/start_now"
      }
    ],
    "데이터셋(Dataset) - 01": [
      {
        "name": "세계 최대 데이터 플랫폼 — 🏬 데이터 백화점, 검색 후 엑셀로 바로 열기",
        "url": "https://www.kaggle.com/datasets"
      },
      {
        "name": "AI 학습용 데이터 전문 (50만 개+) — 🧠 AI 전문 식재료 시장",
        "url": "https://huggingface.co/datasets"
      },
      {
        "name": "대학 연구용 클래식 데이터 보관소 — 📚 오래된 참고자료실, 검증된 명작 데이터",
        "url": "https://archive.ics.uci.edu"
      },
      {
        "name": "AI 논문에서 실제로 쓴 데이터 모음 — 📄 논문+데이터 연결",
        "url": "https://paperswithcode.com/datasets"
      },
      {
        "name": "경제·금융 데이터 특화 (주가, 환율, 물가) — 💹 숫자로 된 경제뉴스",
        "url": "https://datahub.io"
      },
      {
        "name": "미국 정부 공개 데이터 (30만 개+) — 🇺🇸 미국판 공공데이터포털",
        "url": "https://data.gov"
      },
      {
        "name": "데이터로 세상의 큰 문제를 쉽게 설명 (옥스퍼드 대학) — 📊 데이터 백과사전",
        "url": "https://ourworldindata.org"
      },
      {
        "name": "전 세계 데이터 사이트 주소 모음 (50개+ 분야) — 📋 데이터 맛집 리스트",
        "url": "https://github.com/awesomedata/awesome-public-datasets"
      },
      {
        "name": "재난·난민·전염병 위기 데이터 (UN 산하) — 🆘 위기 상황 숫자 기록소",
        "url": "https://data.humdata.org"
      },
      {
        "name": "우주·기후·지구과학 관측 자료 — 🚀 나사의 우주 자료실",
        "url": "https://data.nasa.gov",
        "addedAt": "2026-02-17T23:54:51.498Z"
      },
      {
        "name": "CERN 운영 연구 데이터 보관소 (DOI 부여) — 🗄️ 인터넷 논문 자료실",
        "url": "https://zenodo.org",
        "addedAt": "2026-02-17T23:58:23.726Z"
      },
      {
        "name": "하버드 대학 운영 세계 최대 사회과학 데이터 (7.5만 개+) — 🎓 하버드 디지털 자료실",
        "url": "https://dataverse.harvard.edu"
      },
      {
        "name": "머신러닝 실험 공유 플랫폼 (연 30만 명+) — 🔬 공유 실험실",
        "url": "https://www.openml.org/search?type=data",
        "addedAt": "2026-02-17T23:59:07.770Z"
      }
    ],
    "데이터셋(Dataset) - 02": [
      {
        "name": "194개국 건강 데이터 (1,000개+ 지표) — 🏥 나라별 건강검진표",
        "url": "https://www.who.int/data/gho",
        "addedAt": "2026-02-17T23:59:25.533Z"
      },
      {
        "name": "유럽연합(EU) 27개국 + EU 기관 공공 데이터 — 🇪🇺 유럽 전체 정부 자료실",
        "url": "https://data.europa.eu",
        "addedAt": "2026-02-17T23:59:33.432Z"
      },
      {
        "name": "미국 인구·가구·소득·주거 초상세 데이터 — 👥 우편번호 단위까지 세밀",
        "url": "https://data.census.gov",
        "addedAt": "2026-02-17T23:59:39.593Z"
      },
      {
        "name": "여론조사·사회 트렌드 설문 원본 데이터 — 📝 설문조사 답변지 공개",
        "url": "https://www.pewresearch.org/datasets/",
        "addedAt": "2026-02-17T23:59:47.096Z"
      },
      {
        "name": "영국 정부 공개 데이터 포털 — 🇬🇧 영국 정부 자료실",
        "url": "https://www.data.gov.uk",
        "addedAt": "2026-02-17T23:59:55.190Z"
      }
    ],
    "데이터셋(Dataset) - 조건부 무료": [
      {
        "name": "데이터판 구글 드라이브 — ☁️ 업로드·검색·미리보기",
        "url": "https://data.world"
      },
      {
        "name": "산업·시장 통계를 예쁜 그래프로 정리 — 📈 통계 백화점, 바로 발표자료 활용",
        "url": "https://www.statista.com",
        "addedAt": "2026-02-17T23:52:50.478Z"
      }
    ],
    "데이터셋(Dataset) - 한국어 가능": [
      {
        "name": "대한민국 정부 공식 데이터 (10만 개+) — 🏛️ 나라에서 운영하는 자료실, 한글+엑셀",
        "url": "https://www.data.go.kr"
      },
      {
        "name": "한국 정부 AI 학습용 데이터 (845종+, 14개 분야) — 🤖 AI 전용 교재 모음",
        "url": "https://aihub.or.kr",
        "addedAt": "2026-02-17T23:56:07.048Z"
      },
      {
        "name": "서울시 전용 데이터 (인구·교통·환경) — 🏙️ 서울시청 자료실, AI 챗봇 가능",
        "url": "https://data.seoul.go.kr",
        "addedAt": "2026-02-17T23:57:50.183Z"
      }
    ],
    "데이터셋(Dataset) - 한국어 부분 지원": [
      {
        "name": "전 세계 데이터 통합 검색엔진 (약 3,000만 개) — 🔍 데이터 전용 구글",
        "url": "https://datasetsearch.research.google.com"
      },
      {
        "name": "전 세계 217개국 경제·교육·건강 비교 — 🌍 나라들의 성적표",
        "url": "https://data.worldbank.org"
      },
      {
        "name": "AI 자연어 검색 + 공공데이터 시각화 — 🗣️ 말로 질문하면 AI가 그래프로 답변",
        "url": "https://datacommons.org",
        "addedAt": "2026-02-17T23:55:28.926Z"
      },
      {
        "name": "선진국 38개국(OECD) 경제·사회 정밀 비교 — 📋 선진국 정밀 성적표",
        "url": "https://data-explorer.oecd.org",
        "addedAt": "2026-02-17T23:59:18.338Z"
      }
    ],
    "Lecture, OTT-": [
      {
        "name": "패스트 캠퍼스",
        "url": "https://fastcampus.co.kr/",
        "addedAt": "2026-02-17T22:14:12.120Z"
      },
      {
        "name": "클래스101",
        "url": "https://class101.net/ko",
        "addedAt": "2026-02-17T22:14:25.080Z"
      },
      {
        "name": "콜로소",
        "url": "https://coloso.co.kr/"
      },
      {
        "name": "탈잉",
        "url": "https://www2.taling.me/"
      },
      {
        "name": "Netflix",
        "url": "http://www.netflix.com/"
      }
    ],
    "AI News, AI Community": [
      {
        "name": "AI TIMES",
        "url": "https://www.aitimes.com/"
      },
      {
        "name": "지피터스",
        "url": "https://www.gpters.org/",
        "addedAt": "2026-02-17T15:19:35.396Z"
      },
      {
        "name": "Agent Korea",
        "url": "https://agent-korea.base44.app/login?from_url=https%3A%2F%2Fagent-korea.base44.app%2F"
      },
      {
        "name": "AiKive - AI-Play",
        "url": "https://aikive.com/play/my-channel"
      },
      {
        "name": "ad1day",
        "url": "https://www.ad1day.com/my/works"
      },
      {
        "name": "인공지능팩토리",
        "url": "https://aifactory.space/",
        "addedAt": "2026-02-17T22:09:54.133Z"
      },
      {
        "name": "AI그림채널",
        "url": "https://arca.live/b/aiart",
        "addedAt": "2026-02-17T22:13:43.718Z"
      },
      {
        "name": "AI-WORKERS",
        "url": "https://slashpage.com/ai-workers"
      },
      {
        "name": "SoyLab",
        "url": "https://soylab.ai/",
        "addedAt": "2026-02-17T15:32:43.277Z"
      }
    ],
    "Job, Outsourcing, Part-Time Job": [
      {
        "name": "잡코리아",
        "url": "https://www.jobkorea.co.kr/",
        "addedAt": "2026-02-17T22:16:40.211Z"
      },
      {
        "name": "사람인",
        "url": "https://www.saramin.co.kr/"
      },
      {
        "name": "링크드인",
        "url": "https://www.linkedin.com/"
      },
      {
        "name": "인크루트",
        "url": "https://www.incruit.com/"
      },
      {
        "name": "잡플래닛",
        "url": "https://www.jobplanet.co.kr/job"
      },
      {
        "name": "외주링크",
        "url": "https://oeju.co.kr/",
        "addedAt": "2026-02-17T22:15:24.353Z"
      },
      {
        "name": "크몽",
        "url": "https://kmong.com/",
        "addedAt": "2026-02-17T22:15:13.625Z"
      },
      {
        "name": "알바천국",
        "url": "https://www.alba.co.kr/",
        "addedAt": "2026-02-17T22:21:12.395Z"
      },
      {
        "name": "알바몬",
        "url": "https://www.albamon.com/"
      }
    ]
  },
  "notes": {
    "notes": {}
  },
  "config": {
    "activeProfile": "default",
    "theme": "light",
    "backgroundImage": "assets/background_custom.jpg",
    "backgroundOverlayOpacity": 15,
    "timeBasedOverlay": true,
    "slideshow": {
      "enabled": true,
      "images": [
        "assets/slide_1771270632679.jpg",
        "assets/slide_1771270632696.jpg",
        "assets/slide_1771270632711.jpg",
        "assets/slide_1771270632731.jpg",
        "assets/slide_1771270632755.jpg",
        "assets/slide_1771270632783.jpg",
        "assets/slide_1771270632812.jpg",
        "assets/slide_1771270632832.jpg",
        "assets/slide_1771270632848.jpg",
        "assets/slide_1771270632861.jpg"
      ],
      "intervalMinutes": 30
    },
    "customCSS": "",
    "weatherApiKey": "",
    "weatherCity": "Seoul",
    "weatherUnits": "metric",
    "clocks": [
      {
        "label": "SEOUL",
        "timezone": "Asia/Seoul"
      }
    ],
    "searchEngines": [
      {
        "name": "Google",
        "url": "https://www.google.com/search?q=",
        "icon": "https://www.google.com/favicon.ico"
      },
      {
        "name": "Naver",
        "url": "https://search.naver.com/search.naver?query=",
        "icon": "https://www.naver.com/favicon.ico"
      },
      {
        "name": "YouTube",
        "url": "https://www.youtube.com/results?search_query=",
        "icon": "https://www.youtube.com/favicon.ico"
      }
    ],
    "topCategories": [
      "일반",
      "회사",
      "자동차 자료 조사",
      "취미",
      "디자인",
      "AI"
    ],
    "bottomCategories": [
      "부트캠프"
    ],
    "notepadCount": 3,
    "linesPerNotepad": 6,
    "collapsedCategories": [],
    "cardSizes": {
      "Google": "1",
      "지도": "1",
      "LLM": "1",
      "AI - 01": "1",
      "Naver, Map": "1",
      "데이터셋(Dataset) - 01": "2",
      "데이터셋(Dataset) - 02": "1",
      "Dev, Automation": "1",
      "Portfolio, Source, Reference": "1",
      "AI - 2": "1",
      "AI - 3": "1",
      "social": "1",
      "데이터셋(Dataset) - 한국어 가능": "1",
      "데이터셋(Dataset) - 한국어 부분 지원": "1",
      "데이터셋(Dataset) - 조건부 무료": "1",
      "AI News": "1",
      "AI News, AI Community": "1",
      "Job, Outsourcing, Part-Time Job": "1",
      "Lecture, OTT-": "1"
    },
    "usageTracking": true,
    "backupIntervalHours": 1,
    "shortcuts": [
      {
        "key": "/",
        "action": "focusSearch",
        "label": "검색"
      },
      {
        "key": "e",
        "action": "toggleEdit",
        "label": "편집 모드"
      },
      {
        "key": "s",
        "action": "openSettings",
        "label": "설정"
      },
      {
        "key": "?",
        "action": "showShortcuts",
        "label": "단축키 보기"
      },
      {
        "key": "f",
        "action": "spotlightSearch",
        "label": "북마크 검색"
      }
    ],
    "themeMode": "manual",
    "pages": [
      {
        "name": "페이지 1",
        "topCategories": [
          "Google",
          "Naver, Map",
          "Portfolio, Source, Reference",
          "AI - 01",
          "LLM",
          "Dev, Automation",
          "AI - 2",
          "AI - 3",
          "AI News, AI Community",
          "Job, Outsourcing, Part-Time Job",
          "social",
          "Lecture, OTT-"
        ],
        "bottomCategories": []
      },
      {
        "name": "페이지 2",
        "topCategories": [
          "데이터셋(Dataset) - 한국어 가능",
          "데이터셋(Dataset) - 한국어 부분 지원",
          "데이터셋(Dataset) - 조건부 무료",
          "데이터셋(Dataset) - 01",
          "데이터셋(Dataset) - 02"
        ],
        "bottomCategories": []
      },
      {
        "name": "페이지 3",
        "topCategories": [],
        "bottomCategories": []
      }
    ],
    "activePage": 0,
    "pomodoro": {
      "workMin": 25,
      "breakMin": 5
    },
    "quickMemo": "",
    "calendarStartMonday": false,
    "DEFAULT_ICONS": {},
    "ddays": [],
    "habits": [],
    "habitLog": {},
    "todoCompletionDates": [
      "2026-02-17"
    ],
    "deadLinks": {
      "https://claude.ai/": true
    },
    "memoCards": [],
    "todoCards": [
      {
        "id": "todo_0",
        "title": "할 일"
      }
    ],
    "showTodo": false,
    "showCalendar": false,
    "showHabit": true,
    "cardColors": {},
    "accentColor": "blue",
    "lastEventColor": "#6ea8fe",
    "blurIntensity": 40,
    "glassPreset": "clear",
    "cardOpacity": 40,
    "clockOpacity": 40,
    "autoSortByUsage": false,
    "onboardingDone": true,
    "todoTags": [
      "업무",
      "개인",
      "긴급",
      "아이디어"
    ],
    "_version": 70,
    "catEmojis": {},
    "listView": false,
    "focusCategory": "",
    "bookmarkGroups": [],
    "calWeeklyView": false,
    "reduceMotion": false,
    "weeklyReportDate": "2026-02-22",
    "layoutPreset": "default",
    "pomoAutoSession": false,
    "pomoSessionCount": 0,
    "searchKeywords": {
      "yt": "https://www.youtube.com/results?search_query",
      "nv": "https://search.naver.com/search.naver?query",
      "gh": "https://github.com/search?q",
      "g": "https://www.google.com/search?q",
      "tw": "https://twitter.com/search?q",
      "map": "https://maps.google.com/maps?q"
    },
    "eventNotifications": true,
    "showRecommendations": false
  },
  "todos": {
    "items": [
      {
        "id": 1771308603902,
        "text": "sfd",
        "done": false,
        "priority": 0,
        "dueDate": "",
        "tags": [],
        "subtasks": [],
        "recurring": "",
        "cardId": "todo_0"
      }
    ]
  },
  "ddays": {
    "items": []
  },
  "usage": {
    "도구::ChatGPT": {
      "count": 1,
      "lastUsed": "2026-02-16T20:30:58.016Z"
    },
    "도구::Claude": {
      "count": 2,
      "lastUsed": "2026-02-17T13:25:13.978Z"
    },
    "즐겨찾기::Google": {
      "count": 1,
      "lastUsed": "2026-02-17T14:47:46.332Z"
    },
    "Naver::mail.naver.com": {
      "count": 3,
      "lastUsed": "2026-02-17T15:03:42.239Z"
    },
    "Naver::네이버 카페": {
      "count": 4,
      "lastUsed": "2026-02-17T15:11:50.950Z"
    },
    "Naver::mybox.naver.com": {
      "count": 1,
      "lastUsed": "2026-02-17T15:06:53.818Z"
    },
    "Naver::네이버 메모": {
      "count": 1,
      "lastUsed": "2026-02-17T15:12:10.018Z"
    },
    "소셜::Reddit": {
      "count": 1,
      "lastUsed": "2026-02-17T15:19:43.448Z"
    },
    "소셜::midjourney.com": {
      "count": 1,
      "lastUsed": "2026-02-17T15:20:00.653Z"
    },
    "Google::Google Drive": {
      "count": 1,
      "lastUsed": "2026-02-17T15:20:50.307Z"
    },
    "일반 1::FreePik": {
      "count": 1,
      "lastUsed": "2026-02-17T15:27:19.726Z"
    },
    "444444::AI-Play - AiKive": {
      "count": 1,
      "lastUsed": "2026-02-17T15:30:23.853Z"
    },
    "일반 1::Claude": {
      "count": 2,
      "lastUsed": "2026-02-17T16:55:42.115Z"
    },
    "3333::ai.dbpia.co.kr": {
      "count": 1,
      "lastUsed": "2026-02-17T17:19:18.762Z"
    },
    "3333::DBPia": {
      "count": 1,
      "lastUsed": "2026-02-17T17:19:53.988Z"
    },
    "Google::Google 번역": {
      "count": 1,
      "lastUsed": "2026-02-17T18:42:18.035Z"
    },
    "일반 1::ChatGPT": {
      "count": 1,
      "lastUsed": "2026-02-17T19:22:44.888Z"
    },
    "55555::comfyworkflows.com": {
      "count": 1,
      "lastUsed": "2026-02-17T22:09:07.707Z"
    },
    "55555::인공지능팩토리": {
      "count": 1,
      "lastUsed": "2026-02-17T22:09:55.104Z"
    },
    "444444::Ad1Day_Work": {
      "count": 2,
      "lastUsed": "2026-02-17T22:10:44.528Z"
    },
    "55555::ad1day.com": {
      "count": 1,
      "lastUsed": "2026-02-17T22:11:10.322Z"
    },
    "3333::탈잉": {
      "count": 1,
      "lastUsed": "2026-02-17T22:14:57.227Z"
    },
    "46406::디자이너가 알아야 할 최고의 웹사이트 20선 - Oksuro": {
      "count": 1,
      "lastUsed": "2026-02-17T22:18:11.707Z"
    },
    "444444::메타데이터 확인/삭제 사이트": {
      "count": 1,
      "lastUsed": "2026-02-17T22:20:12.165Z"
    },
    "444444::Agent Korea": {
      "count": 1,
      "lastUsed": "2026-02-17T22:21:54.428Z"
    },
    "06654650::팔란티어 - Palantir": {
      "count": 2,
      "lastUsed": "2026-02-17T22:23:45.734Z"
    },
    "Google::NotebookLM": {
      "count": 1,
      "lastUsed": "2026-02-17T22:28:19.539Z"
    },
    "온라인 강의::탈잉": {
      "count": 1,
      "lastUsed": "2026-02-17T22:49:59.908Z"
    },
    "3333::GitHub": {
      "count": 1,
      "lastUsed": "2026-02-17T22:51:00.376Z"
    },
    "LLM::Grok": {
      "count": 1,
      "lastUsed": "2026-02-17T22:51:38.903Z"
    },
    "LLM::z.ai": {
      "count": 1,
      "lastUsed": "2026-02-17T22:53:04.836Z"
    },
    "55555::AI-WORKERS": {
      "count": 1,
      "lastUsed": "2026-02-17T23:00:31.342Z"
    },
    "dsafasdf::지피터스": {
      "count": 2,
      "lastUsed": "2026-02-17T23:00:48.739Z"
    },
    "666666::Bounce Sound Effects | Mixkit": {
      "count": 1,
      "lastUsed": "2026-02-17T23:03:36.021Z"
    },
    "AI - 01::Replicate": {
      "count": 1,
      "lastUsed": "2026-02-17T23:09:34.432Z"
    },
    "AI - 01::ComfyWorkflows": {
      "count": 1,
      "lastUsed": "2026-02-17T23:09:57.356Z"
    },
    "AI - 31::ComfyWorkflows": {
      "count": 1,
      "lastUsed": "2026-02-17T23:10:28.800Z"
    },
    "AI - 31::OpenArt.ai": {
      "count": 2,
      "lastUsed": "2026-02-17T23:11:03.114Z"
    },
    "Google::localhost": {
      "count": 1,
      "lastUsed": "2026-02-17T23:15:14.590Z"
    },
    "AI - 311::VIDO": {
      "count": 1,
      "lastUsed": "2026-02-17T23:19:33.784Z"
    },
    "AI - 4::Envato": {
      "count": 1,
      "lastUsed": "2026-02-17T23:20:01.198Z"
    },
    "AI - 4::어도비 플러그인 사이트": {
      "count": 1,
      "lastUsed": "2026-02-17T23:20:13.688Z"
    },
    "Source::Bounce Sound Effects | Mixkit": {
      "count": 1,
      "lastUsed": "2026-02-17T23:20:33.995Z"
    },
    "Source::Vimeo": {
      "count": 1,
      "lastUsed": "2026-02-17T23:20:41.435Z"
    },
    "Source, Reference::VIDO": {
      "count": 1,
      "lastUsed": "2026-02-17T23:32:16.323Z"
    },
    "AI Community, AI News::AI TIMES": {
      "count": 1,
      "lastUsed": "2026-02-17T23:35:02.323Z"
    },
    "데이터셋(Dataset)::UCI ML Repository": {
      "count": 1,
      "lastUsed": "2026-02-17T23:42:43.962Z"
    },
    "데이터셋(Dataset)::World Bank Open Data": {
      "count": 1,
      "lastUsed": "2026-02-17T23:44:21.819Z"
    },
    "데이터셋(Dataset)::Our World in Data": {
      "count": 1,
      "lastUsed": "2026-02-17T23:44:27.444Z"
    },
    "데이터셋(Dataset)::GitHub Awesome Public Datasets": {
      "count": 1,
      "lastUsed": "2026-02-17T23:46:08.275Z"
    },
    "데이터셋(Dataset)::데이터판 구글 드라이브 — ☁️ 업로드·검색·미리보기": {
      "count": 6,
      "lastUsed": "2026-02-17T23:51:49.606Z"
    },
    "데이터셋(Dataset)::산업·시장 통계를 예쁜 그래프로 정리 — 📈 통계 백화점, 바로 발표자료 활용": {
      "count": 1,
      "lastUsed": "2026-02-17T23:52:55.289Z"
    },
    "데이터셋(Dataset)::우주·기후·지구과학 관측 자료 — 🚀 나사의 우주 자료실": {
      "count": 1,
      "lastUsed": "2026-02-17T23:54:52.855Z"
    },
    "데이터셋(Dataset)::AI 자연어 검색 + 공공데이터 시각화 — 🗣️ 말로 질문하면 AI가 그래프로 답변": {
      "count": 1,
      "lastUsed": "2026-02-17T23:55:30.041Z"
    },
    "데이터셋(Dataset) - 01::하버드 대학 운영 세계 최대 사회과학 데이터 (7.5만 개+) — 🎓 하버드 디지털 자료실": {
      "count": 1,
      "lastUsed": "2026-02-17T23:58:54.896Z"
    },
    "데이터셋(Dataset) - 한국어 가능::대한민국 정부 공식 데이터 (10만 개+) — 🏛️ 나라에서 운영하는 자료실, 한글+엑셀": {
      "count": 2,
      "lastUsed": "2026-02-18T15:06:18.967Z"
    },
    "Google::트렌드": {
      "count": 1,
      "lastUsed": "2026-02-18T00:30:46.643Z"
    },
    "lecture, OTT::Netflix": {
      "count": 1,
      "lastUsed": "2026-02-18T00:46:38.274Z"
    },
    "Naver, Map::네이버": {
      "count": 1,
      "lastUsed": "2026-02-18T13:00:07.038Z"
    },
    "데이터셋(Dataset) - 한국어 가능::한국 정부 AI 학습용 데이터 (845종+, 14개 분야) — 🤖 AI 전용 교재 모음": {
      "count": 1,
      "lastUsed": "2026-02-18T15:07:10.804Z"
    },
    "데이터셋(Dataset) - 한국어 가능::서울시 전용 데이터 (인구·교통·환경) — 🏙️ 서울시청 자료실, AI 챗봇 가능": {
      "count": 1,
      "lastUsed": "2026-02-18T15:07:40.281Z"
    },
    "데이터셋(Dataset) - 01::세계 최대 데이터 플랫폼 — 🏬 데이터 백화점, 검색 후 엑셀로 바로 열기": {
      "count": 2,
      "lastUsed": "2026-02-18T16:01:01.873Z"
    },
    "데이터셋(Dataset) - 한국어 부분 지원::전 세계 데이터 통합 검색엔진 (약 3,000만 개) — 🔍 데이터 전용 구글": {
      "count": 1,
      "lastUsed": "2026-02-18T15:59:04.525Z"
    },
    "Dev, Automation::n8n": {
      "count": 8,
      "lastUsed": "2026-02-18T23:33:06.158Z"
    },
    "Dev, Automation::n8n.cloud": {
      "count": 12,
      "lastUsed": "2026-02-18T23:33:17.155Z"
    },
    "Dev, Automation::make.com": {
      "count": 1,
      "lastUsed": "2026-02-18T18:12:24.775Z"
    },
    "AI Community::지피터스": {
      "count": 1,
      "lastUsed": "2026-02-18T18:17:26.865Z"
    },
    "Naver, Map::네이버 BOX": {
      "count": 2,
      "lastUsed": "2026-02-18T23:44:05.213Z"
    },
    "Dev, Automation::Make": {
      "count": 2,
      "lastUsed": "2026-02-18T22:01:32.741Z"
    },
    "LLM::Claude": {
      "count": 2,
      "lastUsed": "2026-02-22T16:48:49.353Z"
    },
    "Dev, Automation::github.com": {
      "count": 9,
      "lastUsed": "2026-02-22T18:03:15.635Z"
    },
    "Dev, Automation::n8n.workflows": {
      "count": 3,
      "lastUsed": "2026-02-18T23:33:09.264Z"
    },
    "Naver, Map::네이버 카페": {
      "count": 1,
      "lastUsed": "2026-02-18T23:44:07.863Z"
    },
    "Portfolio, Source, Reference::Palantir": {
      "count": 1,
      "lastUsed": "2026-02-18T23:44:13.183Z"
    },
    "Dev, Automation::vercel.com": {
      "count": 1,
      "lastUsed": "2026-02-18T23:47:17.932Z"
    },
    "Google::구글 메모": {
      "count": 3,
      "lastUsed": "2026-02-22T16:16:28.975Z"
    },
    "Portfolio, Source, Reference::litt.ly": {
      "count": 2,
      "lastUsed": "2026-02-22T18:33:55.543Z"
    },
    "Dev, Automation::GitHub": {
      "count": 3,
      "lastUsed": "2026-02-22T17:24:39.333Z"
    },
    "Naver, Map::네이버 메모": {
      "count": 1,
      "lastUsed": "2026-02-22T16:17:11.540Z"
    },
    "Naver, Map::카카오맵": {
      "count": 1,
      "lastUsed": "2026-02-22T16:18:39.572Z"
    },
    "Portfolio, Source, Reference::litt.ly (리틀리)": {
      "count": 2,
      "lastUsed": "2026-02-22T21:52:27.641Z"
    }
  },
  "trash": {
    "items": [
      {
        "name": "mail.naver.com",
        "url": "https://mail.naver.com/v2/folders/0/all",
        "addedAt": "2026-02-17T15:02:01.799Z",
        "category": "Naver",
        "deletedAt": "2026-02-17T15:02:09.412Z"
      },
      {
        "name": "mail.naver.com",
        "url": "https://mail.naver.com/",
        "addedAt": "2026-02-17T15:02:11.040Z",
        "category": "Naver",
        "deletedAt": "2026-02-17T15:03:39.807Z"
      },
      {
        "name": "mail.naver.com",
        "url": "https://mail.naver.com/",
        "addedAt": "2026-02-17T15:03:37.875Z",
        "category": "Naver",
        "deletedAt": "2026-02-17T15:04:16.016Z"
      },
      {
        "name": "memo.naver.com",
        "url": "https://memo.naver.com/",
        "addedAt": "2026-02-17T15:08:40.381Z",
        "category": "Naver",
        "deletedAt": "2026-02-17T15:08:54.654Z"
      },
      {
        "name": "네이버 MY BOX",
        "url": "https://mybox.naver.com/",
        "category": "Naver",
        "deletedAt": "2026-02-17T15:11:03.655Z"
      },
      {
        "name": "네이버 카페",
        "url": "https://section.cafe.naver.com/",
        "category": "Naver",
        "deletedAt": "2026-02-17T15:11:21.383Z"
      },
      {
        "name": "네이버 메일",
        "url": "http://mail.naver.com/",
        "category": "Naver",
        "deletedAt": "2026-02-17T15:11:53.971Z"
      },
      {
        "name": "FreePik_템플릿",
        "url": "https://kr.freepik.com/search?ai=excluded&format=search&last_filter=orientation&last_value=portrait&orientation=portrait&premium=1&query=%ED%99%94%EC%9E%A5%ED%92%88&type=psd",
        "category": "22222",
        "deletedAt": "2026-02-17T15:27:18.278Z"
      },
      {
        "name": "ad1day.com",
        "url": "https://www.ad1day.com/challenges",
        "addedAt": "2026-02-17T22:11:08.742Z",
        "category": "55555",
        "deletedAt": "2026-02-17T22:11:18.214Z"
      },
      {
        "name": "네이버 데이터랩",
        "url": "https://datalab.naver.com/",
        "addedAt": "2026-02-17T22:19:37.385Z",
        "category": "소셜",
        "deletedAt": "2026-02-17T22:32:35.011Z"
      },
      {
        "name": "Google Maps",
        "url": "https://maps.google.com/",
        "category": "11111",
        "deletedAt": "2026-02-17T22:45:22.969Z"
      },
      {
        "name": "localhost",
        "url": "http://localhost:1111/",
        "addedAt": "2026-02-17T23:15:11.294Z",
        "category": "Google",
        "deletedAt": "2026-02-17T23:17:03.890Z"
      },
      {
        "name": "Notion",
        "url": "https://www.notion.so/",
        "category": "MAP",
        "deletedAt": "2026-02-17T23:29:26.870Z"
      },
      {
        "name": "AI 허브",
        "url": "https://aihub.or.kr",
        "addedAt": "2026-02-17T23:39:59.354Z",
        "category": "데이터셋(Dataset)",
        "deletedAt": "2026-02-17T23:41:06.731Z"
      },
      {
        "name": "서울 열린데이터광장",
        "url": "https://data.seoul.go.kr",
        "category": "데이터셋(Dataset)",
        "deletedAt": "2026-02-17T23:41:07.805Z"
      },
      {
        "name": "공공데이터포털",
        "url": "https://www.data.go.kr",
        "category": "데이터셋(Dataset)",
        "deletedAt": "2026-02-17T23:41:08.682Z"
      },
      {
        "name": "kaggle.com",
        "url": "https://www.kaggle.com/datasets",
        "addedAt": "2026-02-17T23:41:12.326Z",
        "category": "데이터셋(Dataset)",
        "deletedAt": "2026-02-17T23:41:32.774Z"
      },
      {
        "name": "%2A%2Ahttps",
        "url": "https://**https://datasetsearch.research.google.com",
        "addedAt": "2026-02-17T23:41:15.863Z",
        "category": "데이터셋(Dataset)",
        "deletedAt": "2026-02-17T23:41:33.378Z"
      },
      {
        "name": "huggingface.co",
        "url": "https://huggingface.co/datasets",
        "addedAt": "2026-02-17T23:41:22.167Z",
        "category": "데이터셋(Dataset)",
        "deletedAt": "2026-02-17T23:41:33.941Z"
      },
      {
        "name": "data.go.kr",
        "url": "https://www.data.go.kr",
        "addedAt": "2026-02-17T23:41:25.735Z",
        "category": "데이터셋(Dataset)",
        "deletedAt": "2026-02-17T23:41:34.483Z"
      },
      {
        "name": "archive.ics.uci.edu",
        "url": "https://archive.ics.uci.edu",
        "addedAt": "2026-02-17T23:41:29.000Z",
        "category": "데이터셋(Dataset)",
        "deletedAt": "2026-02-17T23:41:35.367Z"
      },
      {
        "name": "n8n",
        "url": "https://n8n.io/workflows/",
        "category": "Portfolio, Source, Reference",
        "deletedAt": "2026-02-18T22:35:15.566Z"
      },
      {
        "name": "n8n.cloud",
        "url": "https://app.n8n.cloud/dashboard",
        "category": "Dev, Automation",
        "deletedAt": "2026-02-18T23:32:35.636Z"
      },
      {
        "name": "n8n.cloud",
        "url": "https://app.n8n.cloud/dashboard",
        "category": "Dev, Automation",
        "deletedAt": "2026-02-18T23:33:27.507Z"
      },
      {
        "name": "n8n",
        "url": "https://n8n.io/",
        "category": "Dev, Automation",
        "deletedAt": "2026-02-18T23:33:28.972Z"
      },
      {
        "name": "n8n",
        "url": "https://n8n.io/",
        "category": "Dev, Automation",
        "deletedAt": "2026-02-18T23:33:30.976Z"
      },
      {
        "name": "GitHub",
        "url": "https://github.com/",
        "category": "Google",
        "deletedAt": "2026-02-18T23:42:16.129Z"
      },
      {
        "name": "RailWay",
        "url": "https://railway.com/",
        "category": "Google",
        "deletedAt": "2026-02-18T23:42:17.974Z"
      },
      {
        "name": "github.com",
        "url": "https://github.com/",
        "addedAt": "2026-02-18T23:34:03.094Z",
        "category": "Dev, Automation",
        "deletedAt": "2026-02-18T23:45:59.198Z"
      },
      {
        "name": "hub.docker.com",
        "url": "https://hub.docker.com/",
        "addedAt": "2026-02-18T23:20:09.282Z",
        "category": "LLM",
        "deletedAt": "2026-02-18T23:46:20.238Z"
      },
      {
        "name": "railway.com",
        "url": "https://railway.com/dashboard",
        "addedAt": "2026-02-18T23:47:37.645Z",
        "category": "Dev, Automation",
        "deletedAt": "2026-02-18T23:47:43.389Z"
      },
      {
        "name": "keep.google.com",
        "url": "https://keep.google.com/u/0/",
        "addedAt": "2026-02-19T12:29:51.202Z",
        "category": "Google",
        "deletedAt": "2026-02-19T12:42:23.342Z"
      },
      {
        "name": "litt.ly",
        "url": "https://litt.ly/start_now",
        "addedAt": "2026-02-22T21:52:37.550Z",
        "category": "AI - 01",
        "deletedAt": "2026-02-22T21:52:39.680Z"
      },
      {
        "name": "netflix.com",
        "url": "http://www.netflix.com/",
        "addedAt": "2026-02-22T21:52:55.128Z",
        "category": "Lecture, OTT-",
        "deletedAt": "2026-02-22T21:52:57.225Z"
      }
    ]
  },
  "events": {
    "items": []
  },
  "pomo-stats": {
    "sessions": []
  }
}