{
  "_backup_version": "7.2",
  "_backup_date": "2026-02-24T18:35:17.835Z",
  "bookmarks": {
    "Google": [
      {
        "name": "지메일",
        "url": "https://mail.google.com/"
      },
      {
        "name": "Google",
        "url": "https://www.google.com/"
      },
      {
        "name": "드라이브",
        "url": "https://drive.google.com/"
      },
      {
        "name": "번역기",
        "url": "https://translate.google.com/?sl=auto&tl=ko&op=translate"
      },
      {
        "name": "구글 메모",
        "url": "https://keep.google.com/u/0/"
      },
      {
        "name": "트렌드",
        "url": "https://trends.google.co.kr/trending?geo=KR"
      }
    ],
    "LLM": [
      {
        "name": "ChatGPT",
        "url": "https://chatgpt.com/"
      },
      {
        "name": "Claude",
        "url": "https://claude.ai/"
      },
      {
        "name": "Gemini",
        "url": "https://gemini.google.com/app"
      },
      {
        "name": "Grok",
        "url": "https://grok.com/"
      },
      {
        "name": "Qwen",
        "url": "https://chat.qwen.ai/"
      },
      {
        "name": "z.ai",
        "url": "https://chat.z.ai/"
      },
      {
        "name": "Deepseek",
        "url": "https://chat.deepseek.com"
      }
    ],
    "AI - 01": [
      {
        "name": "Google Flow",
        "url": "https://labs.google/fx/ko/tools/flow"
      },
      {
        "name": "Google Labs",
        "url": "https://labs.google/experiments"
      },
      {
        "name": "Midjourney",
        "url": "https://www.midjourney.com/imagine"
      },
      {
        "name": "Kling AI",
        "url": "https://app.klingai.com/global/"
      },
      {
        "name": "Nordy",
        "url": "https://nordy.ai/",
        "addedAt": "2026-02-17T22:08:48.339Z"
      },
      {
        "name": "FreePik",
        "url": "https://kr.freepik.com/"
      }
    ],
    "AI - 2": [
      {
        "name": "NotebookLM",
        "url": "https://notebooklm.google.com/"
      },
      {
        "name": "Manus",
        "url": "https://manus.im/"
      },
      {
        "name": "Genspark",
        "url": "https://www.genspark.ai/",
        "addedAt": "2026-02-17T23:12:36.282Z"
      },
      {
        "name": "DBPia",
        "url": "https://ai.dbpia.co.kr/ko/idea"
      },
      {
        "name": "메타데이터 확인/삭제 사이트",
        "url": "https://snapillo.com/metadata-viewer/",
        "addedAt": "2026-02-17T22:19:55.141Z"
      }
    ],
    "social": [
      {
        "name": "Instagram",
        "url": "https://www.instagram.com/"
      },
      {
        "name": "Threads",
        "url": "https://www.threads.net/?hl=ko"
      },
      {
        "name": "X (Twitter)",
        "url": "https://x.com/"
      },
      {
        "name": "Reddit",
        "url": "https://www.reddit.com/"
      },
      {
        "name": "TikTok",
        "url": "https://www.tiktok.com/explore"
      },
      {
        "name": "YouTube",
        "url": "https://www.youtube.com/"
      },
      {
        "name": "페북 - 스테이블 코리아",
        "url": "https://www.facebook.com/groups/stablediffusionkorea/members"
      }
    ],
    "AI - 3": [
      {
        "name": "ComfyUI Wiki 사이트",
        "url": "https://comfyui-wiki.com/ko"
      },
      {
        "name": "ComfyUI Cloude",
        "url": "https://www.comfy.org/cloud"
      },
      {
        "name": "ComfyUI Blog",
        "url": "https://docs.comfy.org/get_started/introduction"
      },
      {
        "name": "Civitai",
        "url": "https://civitai.com/"
      },
      {
        "name": "Replicate",
        "url": "https://replicate.com/explore"
      },
      {
        "name": "RunComfy",
        "url": "https://www.runcomfy.com/",
        "addedAt": "2026-02-17T22:09:42.085Z"
      },
      {
        "name": "OpenArt.ai",
        "url": "https://openart.ai/workflows/all"
      },
      {
        "name": "ComfyWorkflows",
        "url": "https://comfyworkflows.com/"
      },
      {
        "name": "OpenModelDB",
        "url": "https://openmodeldb.info/"
      },
      {
        "name": "Civitai 아카이브",
        "url": "https://civitaiarchive.com/"
      }
    ],
    "Dev, Automation": [
      {
        "name": "GitHub",
        "url": "https://github.com/"
      },
      {
        "name": "github.com",
        "url": "https://github.com/sodam-AI?tab=repositories",
        "addedAt": "2026-02-22T13:48:52.249Z"
      },
      {
        "name": "Docker.Hub",
        "url": "https://hub.docker.com/"
      },
      {
        "name": "Vercel",
        "url": "https://vercel.com/login"
      },
      {
        "name": "Netlify",
        "url": "https://app.netlify.com/"
      },
      {
        "name": "RailWay",
        "url": "https://railway.com/"
      },
      {
        "name": "Make",
        "url": "https://www.make.com/"
      },
      {
        "name": "n8n.io",
        "url": "https://n8n.io/",
        "addedAt": "2026-02-18T23:34:25.719Z"
      },
      {
        "name": "n8n.io",
        "url": "https://n8n.io/workflows/",
        "addedAt": "2026-02-18T23:34:35.192Z"
      },
      {
        "name": "app.n8n.cloud",
        "url": "https://app.n8n.cloud/dashboard",
        "addedAt": "2026-02-18T23:36:02.403Z"
      }
    ],
    "Naver, Map": [
      {
        "name": "네이버",
        "url": "https://www.naver.com/"
      },
      {
        "name": "네이버 메일",
        "url": "https://mail.naver.com/v2/folders/0/all"
      },
      {
        "name": "네이버 카페",
        "url": "https://section.cafe.naver.com/ca-fe/home"
      },
      {
        "name": "네이버 BOX",
        "url": "https://mybox.naver.com/main/web/my"
      },
      {
        "name": "네이버 메모",
        "url": "https://memo.naver.com/"
      },
      {
        "name": "네이버 쇼핑",
        "url": "https://shopping.naver.com/ns/home"
      },
      {
        "name": "네이버 예약",
        "url": "https://m.place.naver.com/my/timeline?tab=ALL"
      },
      {
        "name": "클로바 노트",
        "url": "https://clovanote.naver.com/w/GLigaepbBQVZFGpnYGKw/home"
      },
      {
        "name": "카카오맵",
        "url": "https://map.kakao.com/"
      },
      {
        "name": "네이버 지도",
        "url": "https://map.naver.com/p?c=15.00,0,0,0,dh"
      },
      {
        "name": "세계 각국의 지도를 다운 받을 수 있는 사이트",
        "url": "https://your-vector-maps.com/downloads/category/world/",
        "addedAt": "2026-02-17T22:20:52.147Z"
      }
    ],
    "Portfolio, Source, Reference": [
      {
        "name": "Adobe 포트폴리오 수정",
        "url": "https://portfolio.adobe.com/4cb95bdc-3bdd-47ab-96e2-9bdf300be83d/editor/"
      },
      {
        "name": "VIDO",
        "url": "https://vido.gallery/media-art"
      },
      {
        "name": "Envato",
        "url": "https://elements.envato.com/"
      },
      {
        "name": "Bounce Sound Effects | Mixkit",
        "url": "https://mixkit.co/free-sound-effects/discover/bounce/"
      },
      {
        "name": "Vimeo",
        "url": "https://vimeo.com/home"
      },
      {
        "name": "어도비 플러그인 사이트",
        "url": "https://exchange.adobe.com/apps/browse/cc?page=1&price=Free&product=PHSP&sort=MOST_POPULAR&tag=Tools+%26+Automation"
      },
      {
        "name": "언리얼 Marketplace",
        "url": "https://www.unrealengine.com/marketplace/ko/store"
      },
      {
        "name": "디자이너가 알아야 할 최고의 웹사이트 20선 - Oksuro",
        "url": "https://oksuro.com/ko/blog/the-16-best-websites-every-designer-should-know-for-inspiration/"
      },
      {
        "name": "팔란티어",
        "url": "https://sodam.usw-18.palantirfoundry.com/multipass/login/all"
      },
      {
        "name": "litt.ly (리틀리)",
        "url": "https://litt.ly/start_now"
      }
    ],
    "데이터셋(Dataset) - 01": [
      {
        "name": "세계 최대 데이터 플랫폼 — 🏬 데이터 백화점, 검색 후 엑셀로 바로 열기",
        "url": "https://www.kaggle.com/datasets"
      },
      {
        "name": "AI 학습용 데이터 전문 (50만 개+) — 🧠 AI 전문 식재료 시장",
        "url": "https://huggingface.co/datasets"
      },
      {
        "name": "대학 연구용 클래식 데이터 보관소 — 📚 오래된 참고자료실, 검증된 명작 데이터",
        "url": "https://archive.ics.uci.edu"
      },
      {
        "name": "AI 논문에서 실제로 쓴 데이터 모음 — 📄 논문+데이터 연결",
        "url": "https://paperswithcode.com/datasets"
      },
      {
        "name": "경제·금융 데이터 특화 (주가, 환율, 물가) — 💹 숫자로 된 경제뉴스",
        "url": "https://datahub.io"
      },
      {
        "name": "미국 정부 공개 데이터 (30만 개+) — 🇺🇸 미국판 공공데이터포털",
        "url": "https://data.gov"
      },
      {
        "name": "데이터로 세상의 큰 문제를 쉽게 설명 (옥스퍼드 대학) — 📊 데이터 백과사전",
        "url": "https://ourworldindata.org"
      },
      {
        "name": "전 세계 데이터 사이트 주소 모음 (50개+ 분야) — 📋 데이터 맛집 리스트",
        "url": "https://github.com/awesomedata/awesome-public-datasets"
      },
      {
        "name": "재난·난민·전염병 위기 데이터 (UN 산하) — 🆘 위기 상황 숫자 기록소",
        "url": "https://data.humdata.org"
      },
      {
        "name": "우주·기후·지구과학 관측 자료 — 🚀 나사의 우주 자료실",
        "url": "https://data.nasa.gov",
        "addedAt": "2026-02-17T23:54:51.498Z"
      },
      {
        "name": "CERN 운영 연구 데이터 보관소 (DOI 부여) — 🗄️ 인터넷 논문 자료실",
        "url": "https://zenodo.org",
        "addedAt": "2026-02-17T23:58:23.726Z"
      },
      {
        "name": "하버드 대학 운영 세계 최대 사회과학 데이터 (7.5만 개+) — 🎓 하버드 디지털 자료실",
        "url": "https://dataverse.harvard.edu"
      },
      {
        "name": "머신러닝 실험 공유 플랫폼 (연 30만 명+) — 🔬 공유 실험실",
        "url": "https://www.openml.org/search?type=data",
        "addedAt": "2026-02-17T23:59:07.770Z"
      }
    ],
    "데이터셋(Dataset) - 02": [
      {
        "name": "194개국 건강 데이터 (1,000개+ 지표) — 🏥 나라별 건강검진표",
        "url": "https://www.who.int/data/gho",
        "addedAt": "2026-02-17T23:59:25.533Z"
      },
      {
        "name": "유럽연합(EU) 27개국 + EU 기관 공공 데이터 — 🇪🇺 유럽 전체 정부 자료실",
        "url": "https://data.europa.eu",
        "addedAt": "2026-02-17T23:59:33.432Z"
      },
      {
        "name": "미국 인구·가구·소득·주거 초상세 데이터 — 👥 우편번호 단위까지 세밀",
        "url": "https://data.census.gov",
        "addedAt": "2026-02-17T23:59:39.593Z"
      },
      {
        "name": "여론조사·사회 트렌드 설문 원본 데이터 — 📝 설문조사 답변지 공개",
        "url": "https://www.pewresearch.org/datasets/",
        "addedAt": "2026-02-17T23:59:47.096Z"
      },
      {
        "name": "영국 정부 공개 데이터 포털 — 🇬🇧 영국 정부 자료실",
        "url": "https://www.data.gov.uk",
        "addedAt": "2026-02-17T23:59:55.190Z"
      }
    ],
    "데이터셋(Dataset) - 조건부 무료": [
      {
        "name": "데이터판 구글 드라이브 — ☁️ 업로드·검색·미리보기",
        "url": "https://data.world"
      },
      {
        "name": "산업·시장 통계를 예쁜 그래프로 정리 — 📈 통계 백화점, 바로 발표자료 활용",
        "url": "https://www.statista.com",
        "addedAt": "2026-02-17T23:52:50.478Z"
      }
    ],
    "데이터셋(Dataset) - 한국어 가능": [
      {
        "name": "대한민국 정부 공식 데이터 (10만 개+) — 🏛️ 나라에서 운영하는 자료실, 한글+엑셀",
        "url": "https://www.data.go.kr"
      },
      {
        "name": "한국 정부 AI 학습용 데이터 (845종+, 14개 분야) — 🤖 AI 전용 교재 모음",
        "url": "https://aihub.or.kr",
        "addedAt": "2026-02-17T23:56:07.048Z"
      },
      {
        "name": "서울시 전용 데이터 (인구·교통·환경) — 🏙️ 서울시청 자료실, AI 챗봇 가능",
        "url": "https://data.seoul.go.kr",
        "addedAt": "2026-02-17T23:57:50.183Z"
      }
    ],
    "데이터셋(Dataset) - 한국어 부분 지원": [
      {
        "name": "전 세계 데이터 통합 검색엔진 (약 3,000만 개) — 🔍 데이터 전용 구글",
        "url": "https://datasetsearch.research.google.com"
      },
      {
        "name": "전 세계 217개국 경제·교육·건강 비교 — 🌍 나라들의 성적표",
        "url": "https://data.worldbank.org"
      },
      {
        "name": "AI 자연어 검색 + 공공데이터 시각화 — 🗣️ 말로 질문하면 AI가 그래프로 답변",
        "url": "https://datacommons.org",
        "addedAt": "2026-02-17T23:55:28.926Z"
      },
      {
        "name": "선진국 38개국(OECD) 경제·사회 정밀 비교 — 📋 선진국 정밀 성적표",
        "url": "https://data-explorer.oecd.org",
        "addedAt": "2026-02-17T23:59:18.338Z"
      }
    ],
    "Lecture, OTT-": [
      {
        "name": "패스트 캠퍼스",
        "url": "https://fastcampus.co.kr/",
        "addedAt": "2026-02-17T22:14:12.120Z"
      },
      {
        "name": "클래스101",
        "url": "https://class101.net/ko",
        "addedAt": "2026-02-17T22:14:25.080Z"
      },
      {
        "name": "콜로소",
        "url": "https://coloso.co.kr/"
      },
      {
        "name": "탈잉",
        "url": "https://www2.taling.me/"
      },
      {
        "name": "Netflix",
        "url": "http://www.netflix.com/"
      }
    ],
    "AI News, AI Community": [
      {
        "name": "AI TIMES",
        "url": "https://www.aitimes.com/"
      },
      {
        "name": "지피터스",
        "url": "https://www.gpters.org/"
      },
      {
        "name": "Agent Korea",
        "url": "https://agent-korea.base44.app/login?from_url=https%3A%2F%2Fagent-korea.base44.app%2F"
      },
      {
        "name": "AiKive - AI-Play",
        "url": "https://aikive.com/play/my-channel"
      },
      {
        "name": "ad1day",
        "url": "https://www.ad1day.com/my/works"
      },
      {
        "name": "인공지능팩토리",
        "url": "https://aifactory.space/",
        "addedAt": "2026-02-17T22:09:54.133Z"
      },
      {
        "name": "AI그림채널",
        "url": "https://arca.live/b/aiart",
        "addedAt": "2026-02-17T22:13:43.718Z"
      },
      {
        "name": "AI-WORKERS",
        "url": "https://slashpage.com/ai-workers"
      },
      {
        "name": "SoyLab",
        "url": "https://soylab.ai/"
      }
    ],
    "Job, Outsourcing, Part-Time Job": [
      {
        "name": "잡코리아",
        "url": "https://www.jobkorea.co.kr/",
        "addedAt": "2026-02-17T22:16:40.211Z"
      },
      {
        "name": "사람인",
        "url": "https://www.saramin.co.kr/"
      },
      {
        "name": "링크드인",
        "url": "https://www.linkedin.com/"
      },
      {
        "name": "인크루트",
        "url": "https://www.incruit.com/"
      },
      {
        "name": "잡플래닛",
        "url": "https://www.jobplanet.co.kr/job"
      },
      {
        "name": "외주링크",
        "url": "https://oeju.co.kr/",
        "addedAt": "2026-02-17T22:15:24.353Z"
      },
      {
        "name": "크몽",
        "url": "https://kmong.com/",
        "addedAt": "2026-02-17T22:15:13.625Z"
      },
      {
        "name": "알바천국",
        "url": "https://www.alba.co.kr/",
        "addedAt": "2026-02-17T22:21:12.395Z"
      },
      {
        "name": "알바몬",
        "url": "https://www.albamon.com/"
      }
    ]
  },
  "notes": {
    "notes": {}
  },
  "config": {
    "activeProfile": "default",
    "theme": "light",
    "backgroundImage": "assets/background_custom.jpg",
    "backgroundOverlayOpacity": 15,
    "timeBasedOverlay": true,
    "slideshow": {
      "enabled": true,
      "images": [
        "assets/slide_1771270632679.jpg",
        "assets/slide_1771270632696.jpg",
        "assets/slide_1771270632711.jpg",
        "assets/slide_1771270632731.jpg",
        "assets/slide_1771270632755.jpg",
        "assets/slide_1771270632783.jpg",
        "assets/slide_1771270632812.jpg",
        "assets/slide_1771270632832.jpg",
        "assets/slide_1771270632848.jpg",
        "assets/slide_1771270632861.jpg"
      ],
      "intervalMinutes": 30
    },
    "customCSS": "",
    "weatherApiKey": "",
    "weatherCity": "Seoul",
    "weatherUnits": "metric",
    "clocks": [
      {
        "label": "SEOUL",
        "timezone": "Asia/Seoul"
      }
    ],
    "searchEngines": [
      {
        "name": "Google",
        "url": "https://www.google.com/search?q=",
        "icon": "https://www.google.com/favicon.ico"
      },
      {
        "name": "Naver",
        "url": "https://search.naver.com/search.naver?query=",
        "icon": "https://www.naver.com/favicon.ico"
      },
      {
        "name": "YouTube",
        "url": "https://www.youtube.com/results?search_query=",
        "icon": "https://www.youtube.com/favicon.ico"
      }
    ],
    "topCategories": [
      "일반",
      "회사",
      "자동차 자료 조사",
      "취미",
      "디자인",
      "AI"
    ],
    "bottomCategories": [
      "부트캠프"
    ],
    "notepadCount": 3,
    "linesPerNotepad": 6,
    "collapsedCategories": [],
    "cardSizes": {
      "Google": "1",
      "지도": "1",
      "LLM": "1",
      "AI - 01": "1",
      "Naver, Map": "1",
      "데이터셋(Dataset) - 01": "2",
      "데이터셋(Dataset) - 02": "1",
      "Dev, Automation": "1",
      "Portfolio, Source, Reference": "1",
      "AI - 2": "1",
      "AI - 3": "1",
      "social": "1",
      "데이터셋(Dataset) - 한국어 가능": "1",
      "데이터셋(Dataset) - 한국어 부분 지원": "1",
      "데이터셋(Dataset) - 조건부 무료": "1",
      "AI News": "1",
      "AI News, AI Community": "1",
      "Job, Outsourcing, Part-Time Job": "1",
      "Lecture, OTT-": "1"
    },
    "usageTracking": true,
    "backupIntervalHours": 1,
    "shortcuts": [
      {
        "key": "/",
        "action": "focusSearch",
        "label": "검색"
      },
      {
        "key": "e",
        "action": "toggleEdit",
        "label": "편집 모드"
      },
      {
        "key": "s",
        "action": "openSettings",
        "label": "설정"
      },
      {
        "key": "?",
        "action": "showShortcuts",
        "label": "단축키 보기"
      },
      {
        "key": "f",
        "action": "spotlightSearch",
        "label": "북마크 검색"
      }
    ],
    "themeMode": "manual",
    "pages": [
      {
        "name": "페이지 1",
        "topCategories": [
          "Google",
          "Naver, Map",
          "Portfolio, Source, Reference",
          "AI - 01",
          "LLM",
          "Dev, Automation",
          "AI - 2",
          "AI - 3",
          "AI News, AI Community",
          "Job, Outsourcing, Part-Time Job",
          "social",
          "Lecture, OTT-"
        ],
        "bottomCategories": []
      },
      {
        "name": "페이지 2",
        "topCategories": [
          "데이터셋(Dataset) - 한국어 가능",
          "데이터셋(Dataset) - 한국어 부분 지원",
          "데이터셋(Dataset) - 조건부 무료",
          "데이터셋(Dataset) - 01",
          "데이터셋(Dataset) - 02"
        ],
        "bottomCategories": []
      },
      {
        "name": "페이지 3",
        "topCategories": [],
        "bottomCategories": []
      }
    ],
    "activePage": 0,
    "pomodoro": {
      "workMin": 25,
      "breakMin": 5
    },
    "quickMemo": "",
    "calendarStartMonday": false,
    "DEFAULT_ICONS": {},
    "ddays": [],
    "habits": [],
    "habitLog": {},
    "todoCompletionDates": [
      "2026-02-17"
    ],
    "deadLinks": {
      "https://claude.ai/": true,
      "https://chatgpt.com/": true,
      "https://chat.deepseek.com": true,
      "https://labs.google/fx/ko/tools/flow": true,
      "https://labs.google/experiments": true,
      "https://www.midjourney.com/imagine": true,
      "https://nordy.ai/": true,
      "https://notebooklm.google.com/": true
    },
    "memoCards": [],
    "todoCards": [
      {
        "id": "todo_0",
        "title": "할 일"
      }
    ],
    "showTodo": false,
    "showCalendar": false,
    "showHabit": true,
    "cardColors": {},
    "accentColor": "blue",
    "lastEventColor": "#6ea8fe",
    "blurIntensity": 40,
    "glassPreset": "clear",
    "cardOpacity": 40,
    "clockOpacity": 40,
    "autoSortByUsage": false,
    "onboardingDone": true,
    "todoTags": [
      "업무",
      "개인",
      "긴급",
      "아이디어"
    ],
    "_version": 70,
    "catEmojis": {},
    "listView": false,
    "focusCategory": "",
    "bookmarkGroups": [],
    "calWeeklyView": false,
    "reduceMotion": false,
    "weeklyReportDate": "2026-02-22",
    "layoutPreset": "default",
    "pomoAutoSession": false,
    "pomoSessionCount": 0,
    "searchKeywords": {
      "yt": "https://www.youtube.com/results?search_query",
      "nv": "https://search.naver.com/search.naver?query",
      "gh": "https://github.com/search?q",
      "g": "https://www.google.com/search?q",
      "tw": "https://twitter.com/search?q",
      "map": "https://maps.google.com/maps?q"
    },
    "eventNotifications": true,
    "showRecommendations": false,
    "_deadLinkFails": {
      "https://chatgpt.com/": 1,
      "https://claude.ai/": 1,
      "https://chat.deepseek.com": 1,
      "https://labs.google/fx/ko/tools/flow": 1,
      "https://labs.google/experiments": 1,
      "https://www.midjourney.com/imagine": 1,
      "https://nordy.ai/": 1,
      "https://notebooklm.google.com/": 1,
      "https://www.instagram.com/": 1,
      "https://chat.qwen.ai/": 1,
      "https://your-vector-maps.com/downloads/category/world/": 1,
      "https://kmong.com/": 1,
      "https://www.alba.co.kr/": 1,
      "https://dataverse.harvard.edu": 1,
      "https://paperswithcode.com/datasets": 1
    },
    "_usageMigratedToUrl": true
  },
  "todos": {
    "items": [
      {
        "id": 1771308603902,
        "text": "sfd",
        "done": false,
        "priority": 0,
        "dueDate": "",
        "tags": [],
        "subtasks": [],
        "recurring": "",
        "cardId": "todo_0"
      }
    ]
  },
  "ddays": {
    "items": []
  },
  "usage": {
    "https://chatgpt.com/": {
      "count": 4,
      "lastUsed": "2026-02-24T17:25:14.743Z"
    },
    "https://claude.ai/": {
      "count": 6,
      "lastUsed": "2026-02-22T16:48:49.353Z"
    },
    "https://www.google.com/": {
      "count": 4,
      "lastUsed": "2026-02-24T18:33:26.037Z",
      "hourly": {
        "3": 1
      },
      "history": [
        "2026-02-24T18:33:26.037Z"
      ]
    },
    "https://mail.naver.com/v2/folders/0/all": {
      "count": 3,
      "lastUsed": "2026-02-17T15:03:42.239Z"
    },
    "https://section.cafe.naver.com/ca-fe/home": {
      "count": 5,
      "lastUsed": "2026-02-18T23:44:07.863Z"
    },
    "https://mybox.naver.com/main/web/my": {
      "count": 3,
      "lastUsed": "2026-02-18T23:44:05.213Z"
    },
    "https://memo.naver.com/": {
      "count": 2,
      "lastUsed": "2026-02-22T16:17:11.540Z"
    },
    "https://www.reddit.com/": {
      "count": 1,
      "lastUsed": "2026-02-17T15:19:43.448Z"
    },
    "https://www.midjourney.com/imagine": {
      "count": 1,
      "lastUsed": "2026-02-17T15:20:00.653Z"
    },
    "https://kr.freepik.com/": {
      "count": 1,
      "lastUsed": "2026-02-17T15:27:19.726Z"
    },
    "https://ai.dbpia.co.kr/ko/idea": {
      "count": 2,
      "lastUsed": "2026-02-17T17:19:53.988Z"
    },
    "https://comfyworkflows.com/": {
      "count": 3,
      "lastUsed": "2026-02-17T23:10:28.800Z"
    },
    "https://aifactory.space/": {
      "count": 1,
      "lastUsed": "2026-02-17T22:09:55.104Z"
    },
    "https://www.ad1day.com/my/works": {
      "count": 3,
      "lastUsed": "2026-02-17T22:11:10.322Z"
    },
    "https://www2.taling.me/": {
      "count": 2,
      "lastUsed": "2026-02-17T22:49:59.908Z"
    },
    "https://oksuro.com/ko/blog/the-16-best-websites-every-designer-should-know-for-inspiration/": {
      "count": 1,
      "lastUsed": "2026-02-17T22:18:11.707Z"
    },
    "https://snapillo.com/metadata-viewer/": {
      "count": 1,
      "lastUsed": "2026-02-17T22:20:12.165Z"
    },
    "https://agent-korea.base44.app/login?from_url=https%3A%2F%2Fagent-korea.base44.app%2F": {
      "count": 1,
      "lastUsed": "2026-02-17T22:21:54.428Z"
    },
    "https://sodam.usw-18.palantirfoundry.com/multipass/login/all": {
      "count": 3,
      "lastUsed": "2026-02-18T23:44:13.183Z"
    },
    "https://notebooklm.google.com/": {
      "count": 1,
      "lastUsed": "2026-02-17T22:28:19.539Z"
    },
    "https://github.com/": {
      "count": 5,
      "lastUsed": "2026-02-22T17:24:39.333Z"
    },
    "https://grok.com/": {
      "count": 1,
      "lastUsed": "2026-02-17T22:51:38.903Z"
    },
    "https://chat.z.ai/": {
      "count": 1,
      "lastUsed": "2026-02-17T22:53:04.836Z"
    },
    "https://slashpage.com/ai-workers": {
      "count": 1,
      "lastUsed": "2026-02-17T23:00:31.342Z"
    },
    "https://www.gpters.org/": {
      "count": 3,
      "lastUsed": "2026-02-18T18:17:26.865Z"
    },
    "https://mixkit.co/free-sound-effects/discover/bounce/": {
      "count": 2,
      "lastUsed": "2026-02-17T23:20:33.995Z"
    },
    "https://replicate.com/explore": {
      "count": 1,
      "lastUsed": "2026-02-17T23:09:34.432Z"
    },
    "https://openart.ai/workflows/all": {
      "count": 2,
      "lastUsed": "2026-02-17T23:11:03.114Z"
    },
    "https://vido.gallery/media-art": {
      "count": 2,
      "lastUsed": "2026-02-17T23:32:16.323Z"
    },
    "https://elements.envato.com/": {
      "count": 1,
      "lastUsed": "2026-02-17T23:20:01.198Z"
    },
    "https://exchange.adobe.com/apps/browse/cc?page=1&price=Free&product=PHSP&sort=MOST_POPULAR&tag=Tools+%26+Automation": {
      "count": 1,
      "lastUsed": "2026-02-17T23:20:13.688Z"
    },
    "https://vimeo.com/home": {
      "count": 1,
      "lastUsed": "2026-02-17T23:20:41.435Z"
    },
    "https://www.aitimes.com/": {
      "count": 3,
      "lastUsed": "2026-02-24T17:28:54.772Z"
    },
    "https://data.world": {
      "count": 6,
      "lastUsed": "2026-02-17T23:51:49.606Z"
    },
    "https://www.statista.com": {
      "count": 1,
      "lastUsed": "2026-02-17T23:52:55.289Z"
    },
    "https://data.nasa.gov": {
      "count": 1,
      "lastUsed": "2026-02-17T23:54:52.855Z"
    },
    "https://datacommons.org": {
      "count": 1,
      "lastUsed": "2026-02-17T23:55:30.041Z"
    },
    "https://dataverse.harvard.edu": {
      "count": 1,
      "lastUsed": "2026-02-17T23:58:54.896Z"
    },
    "https://www.data.go.kr": {
      "count": 2,
      "lastUsed": "2026-02-18T15:06:18.967Z"
    },
    "https://trends.google.co.kr/trending?geo=KR": {
      "count": 1,
      "lastUsed": "2026-02-18T00:30:46.643Z"
    },
    "http://www.netflix.com/": {
      "count": 1,
      "lastUsed": "2026-02-18T00:46:38.274Z"
    },
    "https://www.naver.com/": {
      "count": 1,
      "lastUsed": "2026-02-18T13:00:07.038Z"
    },
    "https://aihub.or.kr": {
      "count": 1,
      "lastUsed": "2026-02-18T15:07:10.804Z"
    },
    "https://data.seoul.go.kr": {
      "count": 1,
      "lastUsed": "2026-02-18T15:07:40.281Z"
    },
    "https://www.kaggle.com/datasets": {
      "count": 2,
      "lastUsed": "2026-02-18T16:01:01.873Z"
    },
    "https://datasetsearch.research.google.com": {
      "count": 1,
      "lastUsed": "2026-02-18T15:59:04.525Z"
    },
    "https://n8n.io/": {
      "count": 8,
      "lastUsed": "2026-02-18T23:33:06.158Z"
    },
    "https://app.n8n.cloud/dashboard": {
      "count": 12,
      "lastUsed": "2026-02-18T23:33:17.155Z"
    },
    "https://www.make.com/": {
      "count": 4,
      "lastUsed": "2026-02-24T17:25:21.193Z"
    },
    "https://github.com/sodam-AI?tab=repositories": {
      "count": 9,
      "lastUsed": "2026-02-22T18:03:15.635Z"
    },
    "https://vercel.com/login": {
      "count": 1,
      "lastUsed": "2026-02-18T23:47:17.932Z"
    },
    "https://keep.google.com/u/0/": {
      "count": 3,
      "lastUsed": "2026-02-22T16:16:28.975Z"
    },
    "https://litt.ly/start_now": {
      "count": 4,
      "lastUsed": "2026-02-22T21:52:27.641Z"
    },
    "https://map.kakao.com/": {
      "count": 1,
      "lastUsed": "2026-02-22T16:18:39.572Z"
    },
    "https://mail.google.com/": {
      "count": 3,
      "lastUsed": "2026-02-24T18:33:22.724Z",
      "hourly": {
        "3": 2
      },
      "history": [
        "2026-02-24T18:33:02.798Z",
        "2026-02-24T18:33:22.724Z"
      ]
    }
  },
  "trash": {
    "items": [
      {
        "name": "mail.naver.com",
        "url": "https://mail.naver.com/v2/folders/0/all",
        "addedAt": "2026-02-17T15:02:01.799Z",
        "category": "Naver",
        "deletedAt": "2026-02-17T15:02:09.412Z"
      },
      {
        "name": "mail.naver.com",
        "url": "https://mail.naver.com/",
        "addedAt": "2026-02-17T15:02:11.040Z",
        "category": "Naver",
        "deletedAt": "2026-02-17T15:03:39.807Z"
      },
      {
        "name": "mail.naver.com",
        "url": "https://mail.naver.com/",
        "addedAt": "2026-02-17T15:03:37.875Z",
        "category": "Naver",
        "deletedAt": "2026-02-17T15:04:16.016Z"
      },
      {
        "name": "memo.naver.com",
        "url": "https://memo.naver.com/",
        "addedAt": "2026-02-17T15:08:40.381Z",
        "category": "Naver",
        "deletedAt": "2026-02-17T15:08:54.654Z"
      },
      {
        "name": "네이버 MY BOX",
        "url": "https://mybox.naver.com/",
        "category": "Naver",
        "deletedAt": "2026-02-17T15:11:03.655Z"
      },
      {
        "name": "네이버 카페",
        "url": "https://section.cafe.naver.com/",
        "category": "Naver",
        "deletedAt": "2026-02-17T15:11:21.383Z"
      },
      {
        "name": "네이버 메일",
        "url": "http://mail.naver.com/",
        "category": "Naver",
        "deletedAt": "2026-02-17T15:11:53.971Z"
      },
      {
        "name": "FreePik_템플릿",
        "url": "https://kr.freepik.com/search?ai=excluded&format=search&last_filter=orientation&last_value=portrait&orientation=portrait&premium=1&query=%ED%99%94%EC%9E%A5%ED%92%88&type=psd",
        "category": "22222",
        "deletedAt": "2026-02-17T15:27:18.278Z"
      },
      {
        "name": "ad1day.com",
        "url": "https://www.ad1day.com/challenges",
        "addedAt": "2026-02-17T22:11:08.742Z",
        "category": "55555",
        "deletedAt": "2026-02-17T22:11:18.214Z"
      },
      {
        "name": "네이버 데이터랩",
        "url": "https://datalab.naver.com/",
        "addedAt": "2026-02-17T22:19:37.385Z",
        "category": "소셜",
        "deletedAt": "2026-02-17T22:32:35.011Z"
      },
      {
        "name": "Google Maps",
        "url": "https://maps.google.com/",
        "category": "11111",
        "deletedAt": "2026-02-17T22:45:22.969Z"
      },
      {
        "name": "localhost",
        "url": "http://localhost:1111/",
        "addedAt": "2026-02-17T23:15:11.294Z",
        "category": "Google",
        "deletedAt": "2026-02-17T23:17:03.890Z"
      },
      {
        "name": "Notion",
        "url": "https://www.notion.so/",
        "category": "MAP",
        "deletedAt": "2026-02-17T23:29:26.870Z"
      },
      {
        "name": "AI 허브",
        "url": "https://aihub.or.kr",
        "addedAt": "2026-02-17T23:39:59.354Z",
        "category": "데이터셋(Dataset)",
        "deletedAt": "2026-02-17T23:41:06.731Z"
      },
      {
        "name": "서울 열린데이터광장",
        "url": "https://data.seoul.go.kr",
        "category": "데이터셋(Dataset)",
        "deletedAt": "2026-02-17T23:41:07.805Z"
      },
      {
        "name": "공공데이터포털",
        "url": "https://www.data.go.kr",
        "category": "데이터셋(Dataset)",
        "deletedAt": "2026-02-17T23:41:08.682Z"
      },
      {
        "name": "kaggle.com",
        "url": "https://www.kaggle.com/datasets",
        "addedAt": "2026-02-17T23:41:12.326Z",
        "category": "데이터셋(Dataset)",
        "deletedAt": "2026-02-17T23:41:32.774Z"
      },
      {
        "name": "%2A%2Ahttps",
        "url": "https://**https://datasetsearch.research.google.com",
        "addedAt": "2026-02-17T23:41:15.863Z",
        "category": "데이터셋(Dataset)",
        "deletedAt": "2026-02-17T23:41:33.378Z"
      },
      {
        "name": "huggingface.co",
        "url": "https://huggingface.co/datasets",
        "addedAt": "2026-02-17T23:41:22.167Z",
        "category": "데이터셋(Dataset)",
        "deletedAt": "2026-02-17T23:41:33.941Z"
      },
      {
        "name": "data.go.kr",
        "url": "https://www.data.go.kr",
        "addedAt": "2026-02-17T23:41:25.735Z",
        "category": "데이터셋(Dataset)",
        "deletedAt": "2026-02-17T23:41:34.483Z"
      },
      {
        "name": "archive.ics.uci.edu",
        "url": "https://archive.ics.uci.edu",
        "addedAt": "2026-02-17T23:41:29.000Z",
        "category": "데이터셋(Dataset)",
        "deletedAt": "2026-02-17T23:41:35.367Z"
      },
      {
        "name": "n8n",
        "url": "https://n8n.io/workflows/",
        "category": "Portfolio, Source, Reference",
        "deletedAt": "2026-02-18T22:35:15.566Z"
      },
      {
        "name": "n8n.cloud",
        "url": "https://app.n8n.cloud/dashboard",
        "category": "Dev, Automation",
        "deletedAt": "2026-02-18T23:32:35.636Z"
      },
      {
        "name": "n8n.cloud",
        "url": "https://app.n8n.cloud/dashboard",
        "category": "Dev, Automation",
        "deletedAt": "2026-02-18T23:33:27.507Z"
      },
      {
        "name": "n8n",
        "url": "https://n8n.io/",
        "category": "Dev, Automation",
        "deletedAt": "2026-02-18T23:33:28.972Z"
      },
      {
        "name": "n8n",
        "url": "https://n8n.io/",
        "category": "Dev, Automation",
        "deletedAt": "2026-02-18T23:33:30.976Z"
      },
      {
        "name": "GitHub",
        "url": "https://github.com/",
        "category": "Google",
        "deletedAt": "2026-02-18T23:42:16.129Z"
      },
      {
        "name": "RailWay",
        "url": "https://railway.com/",
        "category": "Google",
        "deletedAt": "2026-02-18T23:42:17.974Z"
      },
      {
        "name": "github.com",
        "url": "https://github.com/",
        "addedAt": "2026-02-18T23:34:03.094Z",
        "category": "Dev, Automation",
        "deletedAt": "2026-02-18T23:45:59.198Z"
      },
      {
        "name": "hub.docker.com",
        "url": "https://hub.docker.com/",
        "addedAt": "2026-02-18T23:20:09.282Z",
        "category": "LLM",
        "deletedAt": "2026-02-18T23:46:20.238Z"
      },
      {
        "name": "railway.com",
        "url": "https://railway.com/dashboard",
        "addedAt": "2026-02-18T23:47:37.645Z",
        "category": "Dev, Automation",
        "deletedAt": "2026-02-18T23:47:43.389Z"
      },
      {
        "name": "keep.google.com",
        "url": "https://keep.google.com/u/0/",
        "addedAt": "2026-02-19T12:29:51.202Z",
        "category": "Google",
        "deletedAt": "2026-02-19T12:42:23.342Z"
      },
      {
        "name": "litt.ly",
        "url": "https://litt.ly/start_now",
        "addedAt": "2026-02-22T21:52:37.550Z",
        "category": "AI - 01",
        "deletedAt": "2026-02-22T21:52:39.680Z"
      },
      {
        "name": "netflix.com",
        "url": "http://www.netflix.com/",
        "addedAt": "2026-02-22T21:52:55.128Z",
        "category": "Lecture, OTT-",
        "deletedAt": "2026-02-22T21:52:57.225Z"
      }
    ]
  },
  "events": {
    "items": []
  },
  "pomo-stats": {
    "sessions": []
  }
}